1;Marco Val;mv@email.com;123
2;Joao de Deus;jd@email;123
2;Manu Gavassi;mg@email.com;123
1;Vladimir Putin;vp@email.com;123
1;Luciana Bivar;lb@email;123
1;Larissa Riquelme;lr@email;123
1;Lula Livre;ll@email;123
1;bb;bb;123
1;w;w;w
3;eer;erer;123
4;concy;concy@gmail.com;1234
5;	;;

6;	;;

7;	;;

8;	;;

9;	;;

10;	;;

11;	;;

12;	;;

13;	;;

14;	;;

15;	;;

16;	;;

17;	;;

18;	;;

19;	;;

20;	;;

21;	;;

22;	;;

23;	;;

24;	;;

25;	;;

26;	;;

27;	;;

28;	;;

29;	;;

30;	;;

31;	;;

32;	;;

33;	;;

34;	;;

35;	;;

36;	;;

37;	;;

38;	;;

39;	;;

40;	;;

41;	;;

42;	;;

43;	;;

44;	;;

45;	;;

46;	;;

47;	;;

48;	;;

49;	;;

50;	;;

51;	;;

52;	;;

53;	;;

54;	;;

55;	;;

56;	;;

